timestamp,tec,grid_points,quiet_baseline_tecu,tec_anomaly_tecu,tec_percent_anomaly,storm_period
2026-01-19 00:00:00+00:00,13.8,1752,14.95,-1.1499999999999986,-7.692307692307683,False
2026-01-19 02:00:00+00:00,15.5,1752,14.95,0.5500000000000007,3.6789297658862927,False
2026-01-19 04:00:00+00:00,16.2,1752,14.95,1.25,8.361204013377927,False
2026-01-19 06:00:00+00:00,16.1,1752,14.95,1.1500000000000021,7.692307692307707,False
2026-01-19 08:00:00+00:00,17.1,1752,14.95,2.150000000000002,14.38127090301005,False
2026-01-19 10:00:00+00:00,15.4,1752,14.95,0.45000000000000107,3.010033444816061,False
2026-01-19 12:00:00+00:00,14.1,1752,14.95,-0.8499999999999996,-5.685618729096988,False
2026-01-19 14:00:00+00:00,12.4,1752,14.95,-2.549999999999999,-17.056856187290965,False
2026-01-19 16:00:00+00:00,12.0,1752,14.95,-2.9499999999999993,-19.732441471571903,False
2026-01-19 18:00:00+00:00,13.9,1752,14.95,-1.049999999999999,-7.023411371237451,False
2026-01-19 20:00:00+00:00,18.0,1752,14.95,3.0500000000000007,20.401337792642146,False
2026-01-19 22:00:00+00:00,14.5,1752,14.95,-0.4499999999999993,-3.010033444816049,False
2026-01-20 00:00:00+00:00,11.7,1752,14.95,-3.25,-21.73913043478261,True
2026-01-20 02:00:00+00:00,8.1,1752,14.95,-6.85,-45.819397993311036,True
2026-01-20 04:00:00+00:00,7.300000000000001,1752,14.95,-7.649999999999999,-51.170568561872905,True
2026-01-20 06:00:00+00:00,7.6,1752,14.95,-7.35,-49.16387959866221,True
2026-01-20 08:00:00+00:00,8.200000000000001,1752,14.95,-6.749999999999998,-45.15050167224079,True
2026-01-20 10:00:00+00:00,8.700000000000001,1752,14.95,-6.249999999999998,-41.806020066889616,True
2026-01-20 12:00:00+00:00,9.1,1752,14.95,-5.85,-39.130434782608695,True
2026-01-20 14:00:00+00:00,9.2,1752,14.95,-5.75,-38.46153846153846,True
2026-01-20 16:00:00+00:00,10.8,1752,14.95,-4.149999999999999,-27.75919732441471,True
2026-01-20 18:00:00+00:00,10.5,1752,14.95,-4.449999999999999,-29.765886287625417,True
2026-01-20 20:00:00+00:00,11.0,1752,14.95,-3.9499999999999993,-26.421404682274243,True
2026-01-20 22:00:00+00:00,10.6,1752,14.95,-4.35,-29.09698996655518,True
2026-01-21 00:00:00+00:00,11.0,1752,14.95,-3.9499999999999993,-26.421404682274243,True
2026-01-21 02:00:00+00:00,11.0,1752,14.95,-3.9499999999999993,-26.421404682274243,True
2026-01-21 04:00:00+00:00,10.3,1752,14.95,-4.649999999999999,-31.10367892976588,True
2026-01-21 06:00:00+00:00,9.6,1752,14.95,-5.35,-35.785953177257525,True
2026-01-21 08:00:00+00:00,8.700000000000001,1752,14.95,-6.249999999999998,-41.806020066889616,True
2026-01-21 10:00:00+00:00,8.5,1752,14.95,-6.449999999999999,-43.143812709030094,True
2026-01-21 12:00:00+00:00,8.5,1752,14.95,-6.449999999999999,-43.143812709030094,True
2026-01-21 14:00:00+00:00,8.4,1752,14.95,-6.549999999999999,-43.81270903010033,True
2026-01-21 16:00:00+00:00,9.0,1752,14.95,-5.949999999999999,-39.799331103678924,True
2026-01-21 18:00:00+00:00,9.9,1752,14.95,-5.049999999999999,-33.77926421404682,True
2026-01-21 20:00:00+00:00,10.3,1752,14.95,-4.649999999999999,-31.10367892976588,True
2026-01-21 22:00:00+00:00,10.9,1752,14.95,-4.049999999999999,-27.090301003344475,True
2026-01-22 00:00:00+00:00,12.1,1752,14.95,-2.8499999999999996,-19.06354515050167,True
